41974,https://www.airbnb.com/rooms/41974,https://a0.muscache.com/im/pictures/23573640/d6e99ca7_original.jpg?aki_policy=large,Ward 1,Salem,OR,44.94404,-123.00996,$80.00 
199568,https://www.airbnb.com/rooms/199568,https://a0.muscache.com/im/pictures/1725715/12b06bea_original.jpg?aki_policy=large,Ward 1,Salem,OR,44.95196,-123.05627,$75.00 
226880,https://www.airbnb.com/rooms/226880,https://a0.muscache.com/im/pictures/549212d2-f805-4b7f-adf0-f1992b943d3f.jpg?aki_policy=large,Ward 1,Salem,OR,44.95204,-123.05679,$35.00 
900778,https://www.airbnb.com/rooms/900778,https://a0.muscache.com/im/pictures/f602efa0-e75d-4a9a-ad36-dc38ec03a281.jpg?aki_policy=large,Ward 1,Salem,OR,44.9442,-123.01116,$105.00 
1159564,https://www.airbnb.com/rooms/1159564,https://a0.muscache.com/im/pictures/17443814/ab424f3e_original.jpg?aki_policy=large,Ward 3,Salem,OR,44.88416,-123.04341,$175.00 
2894591,https://www.airbnb.com/rooms/2894591,https://a0.muscache.com/im/pictures/37383808/1df5f09d_original.jpg?aki_policy=large,Ward 7,Salem,OR,44.90754,-123.07688,$50.00 
7293821,https://www.airbnb.com/rooms/7293821,https://a0.muscache.com/im/pictures/4ec008a1-fc84-4e0b-84a4-285ad0f2c94e.jpg?aki_policy=large,Ward 7,Salem,OR,44.92484,-123.0499,$95.00 
8255984,https://www.airbnb.com/rooms/8255984,https://a0.muscache.com/im/pictures/ca57bfdb-2a3e-4412-8ac5-d7127cd4a9e1.jpg?aki_policy=large,Ward 1,Salem,OR,44.94132,-123.04071,$220.00 
8524259,https://www.airbnb.com/rooms/8524259,https://a0.muscache.com/im/pictures/948454d8-c934-4037-9ca8-a7ce44b30259.jpg?aki_policy=large,Ward 7,Salem,OR,44.89105,-123.06843,$75.00 
8698684,https://www.airbnb.com/rooms/8698684,https://a0.muscache.com/im/pictures/5a056d03-cf09-4c0d-a1b9-f0e81e2a0530.jpg?aki_policy=large,Ward 2,Salem,OR,44.93305,-123.01985,$106.00 
9075412,https://www.airbnb.com/rooms/9075412,https://a0.muscache.com/im/pictures/b8eea974-a842-4bed-b54e-39154a38fbcf.jpg?aki_policy=large,Ward 1,Salem,OR,44.94049,-123.06107,$100.00 
9238563,https://www.airbnb.com/rooms/9238563,https://a0.muscache.com/im/pictures/b666f5f2-30ce-4a41-aa4c-6c3f0fdf81b2.jpg?aki_policy=large,Ward 1,Salem,OR,44.95434,-123.05679,$95.00 
9477671,https://www.airbnb.com/rooms/9477671,https://a0.muscache.com/im/pictures/ff037b90-f91a-4ce7-ba8d-5a1a6f199c51.jpg?aki_policy=large,Ward 1,Salem,OR,44.95668,-123.02635,$70.00 
9597053,https://www.airbnb.com/rooms/9597053,https://a0.muscache.com/im/pictures/12bd53fe-355c-4512-9482-536359eed4a6.jpg?aki_policy=large,Ward 1,Salem,OR,44.95171,-123.04056,$79.00 
9956213,https://www.airbnb.com/rooms/9956213,https://a0.muscache.com/im/pictures/f4d05ba8-0140-4a57-9ee8-19c73e4c8c21.jpg?aki_policy=large,Ward 4,Salem,OR,44.8759,-123.0604,$115.00 
10074172,https://www.airbnb.com/rooms/10074172,https://a0.muscache.com/im/pictures/bd3c5364-22d3-41cb-868d-ec5d928bccc2.jpg?aki_policy=large,Ward 1,Salem,OR,44.94518,-123.01395,$39.00 
10745972,https://www.airbnb.com/rooms/10745972,https://a0.muscache.com/im/pictures/b9f514c1-3447-48f7-b30a-9eca664ba04e.jpg?aki_policy=large,Ward 8,Salem,OR,44.94545,-123.07866,$58.00 
11362008,https://www.airbnb.com/rooms/11362008,https://a0.muscache.com/im/pictures/2cffc71f-e3f5-473a-896e-57ee1e3bb7f8.jpg?aki_policy=large,Ward 2,Salem,OR,44.93135,-123.02125,$30.00 
12053483,https://www.airbnb.com/rooms/12053483,https://a0.muscache.com/im/pictures/f42444b9-12c8-4cae-aa34-62d55ae666d1.jpg?aki_policy=large,Ward 1,Salem,OR,44.94697,-123.02657,$95.00 
12157896,https://www.airbnb.com/rooms/12157896,https://a0.muscache.com/im/pictures/365d2fae-77f2-4ed0-a861-21b29dcf9cb6.jpg?aki_policy=large,Ward 8,Salem,OR,44.95581,-123.0582,$120.00 
12232289,https://www.airbnb.com/rooms/12232289,https://a0.muscache.com/im/pictures/d61994bb-7ba0-4b1c-b75a-907b94b18571.jpg?aki_policy=large,Ward 8,Salem,OR,44.95214,-123.08653,$50.00 
12588161,https://www.airbnb.com/rooms/12588161,https://a0.muscache.com/im/pictures/1e22f6ad-a244-4dcf-927b-18c9bbf1dd43.jpg?aki_policy=large,Ward 2,Salem,OR,44.91015,-123.03455,$38.00 
12892550,https://www.airbnb.com/rooms/12892550,https://a0.muscache.com/im/pictures/71f85976-7d68-4d67-a1b0-5dfd377bfc16.jpg?aki_policy=large,Ward 1,Salem,OR,44.94462,-123.01144,$45.00 
13238464,https://www.airbnb.com/rooms/13238464,https://a0.muscache.com/im/pictures/cf429772-909a-49a5-9ae4-791beaa8a651.jpg?aki_policy=large,Ward 1,Salem,OR,44.94851,-123.02649,$65.00 
13620753,https://www.airbnb.com/rooms/13620753,https://a0.muscache.com/im/pictures/60464020-f4a3-4556-9ac4-36e68dfd8002.jpg?aki_policy=large,Ward 8,Salem,OR,44.96147,-123.06952,$49.00 
13960938,https://www.airbnb.com/rooms/13960938,https://a0.muscache.com/im/pictures/c4b3d5b5-630e-4d25-a6c5-26af12bd49df.jpg?aki_policy=large,Ward 7,Salem,OR,44.90212,-123.05863,$45.00 
14017093,https://www.airbnb.com/rooms/14017093,https://a0.muscache.com/im/pictures/d6116dcb-6785-4230-bb7e-60236be898ba.jpg?aki_policy=large,Ward 2,Salem,OR,44.91961,-123.03913,$45.00 
14077210,https://www.airbnb.com/rooms/14077210,https://a0.muscache.com/im/pictures/d6da76e5-dfb0-47c5-96e5-9737b9c89fb6.jpg?aki_policy=large,Ward 7,Salem,OR,44.92497,-123.04879,$105.00 
14556351,https://www.airbnb.com/rooms/14556351,https://a0.muscache.com/im/pictures/795d30a7-e36a-46ce-9dc2-25af202ba7a6.jpg?aki_policy=large,Ward 2,Salem,OR,44.91557,-123.03931,$265.00 
14773378,https://www.airbnb.com/rooms/14773378,https://a0.muscache.com/im/pictures/8f1676b5-d12e-4cc0-80b7-de4289498187.jpg?aki_policy=large,Ward 2,Salem,OR,44.91062,-123.02784,$31.00 
14967922,https://www.airbnb.com/rooms/14967922,https://a0.muscache.com/im/pictures/036ad59f-3539-474b-b9f6-50d00fd54331.jpg?aki_policy=large,Ward 7,Salem,OR,44.92066,-123.04678,$300.00 
15272064,https://www.airbnb.com/rooms/15272064,https://a0.muscache.com/im/pictures/00e6059b-870c-484c-876f-356b758e8068.jpg?aki_policy=large,Ward 2,Salem,OR,44.91011,-123.04173,$48.00 
15815105,https://www.airbnb.com/rooms/15815105,https://a0.muscache.com/im/pictures/921c16f9-9f35-4749-8dde-e68a2dde2f9a.jpg?aki_policy=large,Ward 2,Salem,OR,44.91177,-123.04171,$65.00 
16001174,https://www.airbnb.com/rooms/16001174,https://a0.muscache.com/im/pictures/21c41073-a11f-4d8a-aca9-2f6559c587ad.jpg?aki_policy=large,Ward 2,Salem,OR,44.9265,-123.03195,$205.00 
16690039,https://www.airbnb.com/rooms/16690039,https://a0.muscache.com/im/pictures/f7a5ef86-e468-417c-a9ad-c15d7b873ac3.jpg?aki_policy=large,Ward 2,Salem,OR,44.93167,-123.02011,$42.00 
16769751,https://www.airbnb.com/rooms/16769751,https://a0.muscache.com/im/pictures/c719e479-ea4b-40a2-a099-8d3af96006f6.jpg?aki_policy=large,Ward 5,Salem,OR,44.9635,-123.00077,$50.00 
17238244,https://www.airbnb.com/rooms/17238244,https://a0.muscache.com/im/pictures/10ef18d5-a155-44e6-8bd5-e33a834c1a43.jpg?aki_policy=large,Ward 7,Salem,OR,44.9274,-123.0467,$130.00 
17433830,https://www.airbnb.com/rooms/17433830,https://a0.muscache.com/im/pictures/ff4cd2e6-0204-4d0d-9bca-20a1972260bc.jpg?aki_policy=large,Ward 1,Salem,OR,44.94449,-123.0132,$39.00 
17736273,https://www.airbnb.com/rooms/17736273,https://a0.muscache.com/im/pictures/e8ee805e-1d5f-4fb3-b44c-b96498a8dba6.jpg?aki_policy=large,Ward 3,Salem,OR,44.90794,-123.03198,$50.00 
17925070,https://www.airbnb.com/rooms/17925070,https://a0.muscache.com/im/pictures/dc5a21cf-91db-4e07-ad75-6539b3aead6b.jpg?aki_policy=large,Ward 2,Salem,OR,44.93413,-123.01519,$75.00 
18286333,https://www.airbnb.com/rooms/18286333,https://a0.muscache.com/im/pictures/bfaee647-1e0a-42ba-8249-9468f3274d4b.jpg?aki_policy=large,Ward 2,Salem,OR,44.93359,-123.01376,$75.00 
18636159,https://www.airbnb.com/rooms/18636159,https://a0.muscache.com/im/pictures/49f6905e-37ae-4b7e-be7b-45fe9af5e6b6.jpg?aki_policy=large,Ward 3,Salem,OR,44.9139,-122.97537,$54.00 
18654723,https://www.airbnb.com/rooms/18654723,https://a0.muscache.com/im/pictures/90dce421-39bb-4615-a5de-b95e6848bc5a.jpg?aki_policy=large,Ward 3,Salem,OR,44.90616,-123.02936,$75.00 
18756208,https://www.airbnb.com/rooms/18756208,https://a0.muscache.com/im/pictures/016cf92f-019a-444b-af62-bc2d8a8c74ea.jpg?aki_policy=large,Ward 4,Salem,OR,44.87468,-123.02763,"$1,500.00 "
18979869,https://www.airbnb.com/rooms/18979869,https://a0.muscache.com/im/pictures/8caa6553-fa6a-4adf-933f-bcf072c0ecab.jpg?aki_policy=large,Ward 8,Salem,OR,44.9717,-123.07465,$50.00 
19144944,https://www.airbnb.com/rooms/19144944,https://a0.muscache.com/im/pictures/1af6d700-a6fc-44f3-af72-c06d83688e42.jpg?aki_policy=large,Ward 3,Salem,OR,44.88898,-122.95201,$77.00 
19182947,https://www.airbnb.com/rooms/19182947,https://a0.muscache.com/im/pictures/9f1bf764-baa5-4d59-bc99-0e03224d4861.jpg?aki_policy=large,Ward 7,Salem,OR,44.91317,-123.05143,$300.00 
19247929,https://www.airbnb.com/rooms/19247929,https://a0.muscache.com/im/pictures/6cd377ca-4202-42db-b9b2-ba2e54bd1841.jpg?aki_policy=large,Ward 7,Salem,OR,44.88799,-123.07317,$60.00 
19388806,https://www.airbnb.com/rooms/19388806,https://a0.muscache.com/im/pictures/49e33cf4-6622-4b90-bff8-5cd664af93bd.jpg?aki_policy=large,Ward 7,Salem,OR,44.91736,-123.04686,$69.00 
19394840,https://www.airbnb.com/rooms/19394840,https://a0.muscache.com/im/pictures/43fa7a4f-e810-4bc4-ba9c-5812e1e38a99.jpg?aki_policy=large,Ward 2,Salem,OR,44.93308,-123.01139,$42.00 
19411912,https://www.airbnb.com/rooms/19411912,https://a0.muscache.com/im/pictures/23868a56-0996-4000-a7d5-43e140b9cf77.jpg?aki_policy=large,Ward 1,Salem,OR,44.94885,-123.06035,$199.00 
19415582,https://www.airbnb.com/rooms/19415582,https://a0.muscache.com/im/pictures/de52f722-5f56-4f4f-8ee8-90603d967045.jpg?aki_policy=large,Ward 1,Salem,OR,44.94521,-123.01909,$95.00 
19475795,https://www.airbnb.com/rooms/19475795,https://a0.muscache.com/im/pictures/9c9e50e9-f82e-4a7a-897b-3683dbd8be81.jpg?aki_policy=large,Ward 8,Salem,OR,44.95782,-123.06639,"$1,500.00 "
19504726,https://www.airbnb.com/rooms/19504726,https://a0.muscache.com/im/pictures/a5f6ccba-1105-4435-a068-cdd12603affb.jpg?aki_policy=large,Ward 3,Salem,OR,44.90438,-123.03693,$100.00 
19532562,https://www.airbnb.com/rooms/19532562,https://a0.muscache.com/im/pictures/4900fa8c-e3f0-46df-bf30-48f519357439.jpg?aki_policy=large,Ward 1,Salem,OR,44.93842,-123.02309,$850.00 
19612383,https://www.airbnb.com/rooms/19612383,https://a0.muscache.com/im/pictures/b3bcec32-3827-4aa1-b0d1-94eb41ef0738.jpg?aki_policy=large,Ward 7,Salem,OR,44.90214,-123.10958,$50.00 
19636742,https://www.airbnb.com/rooms/19636742,https://a0.muscache.com/im/pictures/84ae57d9-2862-43a8-a892-15d6f3d91e1c.jpg?aki_policy=large,Ward 7,Salem,OR,44.90688,-123.06507,$225.00 
19641964,https://www.airbnb.com/rooms/19641964,https://a0.muscache.com/im/pictures/4095ecf7-576f-4e4d-a77f-2b30f75271d1.jpg?aki_policy=large,Ward 3,Salem,OR,44.89605,-123.04016,$500.00 
19703543,https://www.airbnb.com/rooms/19703543,https://a0.muscache.com/im/pictures/a588266b-7b79-4197-823b-effa0f971ae3.jpg?aki_policy=large,Ward 4,Salem,OR,44.86637,-123.01399,$505.00 
19733204,https://www.airbnb.com/rooms/19733204,https://a0.muscache.com/im/pictures/ad861fc5-7881-43de-962d-69bedc7837dd.jpg?aki_policy=large,Ward 5,Salem,OR,44.99118,-122.96016,$45.00 
19735048,https://www.airbnb.com/rooms/19735048,https://a0.muscache.com/im/pictures/7b68c456-0e2e-4478-b479-8841a636ec8f.jpg?aki_policy=large,Ward 7,Salem,OR,44.90218,-123.05278,$33.00 
19744339,https://www.airbnb.com/rooms/19744339,https://a0.muscache.com/im/pictures/a41604b1-a541-4871-a61f-bb53c835d537.jpg?aki_policy=large,Ward 2,Salem,OR,44.93272,-123.01345,$150.00 
19771178,https://www.airbnb.com/rooms/19771178,https://a0.muscache.com/im/pictures/f64f4564-14f6-4cf0-8b8a-65b05d15ef99.jpg?aki_policy=large,Ward 7,Salem,OR,44.91454,-123.06091,$350.00 
19789195,https://www.airbnb.com/rooms/19789195,https://a0.muscache.com/im/pictures/5a7b53de-8989-4c83-acfc-8d2a2df2e11b.jpg?aki_policy=large,Ward 4,Salem,OR,44.87852,-123.00625,"$3,000.00 "
19840044,https://www.airbnb.com/rooms/19840044,https://a0.muscache.com/im/pictures/9dde51a9-6d39-4b70-91ce-7a315da3a8bc.jpg?aki_policy=large,Ward 7,Salem,OR,44.89667,-123.06327,$95.00 
19849491,https://www.airbnb.com/rooms/19849491,https://a0.muscache.com/im/pictures/84e3e228-76e6-45d1-aaf0-56a41d13e668.jpg?aki_policy=large,Ward 1,Salem,OR,44.9401,-123.06025,$222.00 
19906919,https://www.airbnb.com/rooms/19906919,https://a0.muscache.com/im/pictures/225b1c49-66b2-4643-b255-964f40ea6e08.jpg?aki_policy=large,Ward 1,Salem,OR,44.95351,-123.01565,$145.00 
19928942,https://www.airbnb.com/rooms/19928942,https://a0.muscache.com/im/pictures/c632bee9-478c-409b-bd59-920a8a459762.jpg?aki_policy=large,Ward 8,Salem,OR,44.98184,-123.07543,$32.00 
19933437,https://www.airbnb.com/rooms/19933437,https://a0.muscache.com/im/pictures/b6b5da76-03a2-4700-9f60-e89de784efd1.jpg?aki_policy=large,Ward 4,Salem,OR,44.86631,-123.0132,$250.00 
19953996,https://www.airbnb.com/rooms/19953996,https://a0.muscache.com/im/pictures/4b35bf0f-5d54-4f21-8d43-23b99e335cdc.jpg?aki_policy=large,Ward 1,Salem,OR,44.94768,-123.06202,$333.00 
19983672,https://www.airbnb.com/rooms/19983672,https://a0.muscache.com/im/pictures/7f73ffad-0f7b-4bbe-9fde-ae77d65940f1.jpg?aki_policy=large,Ward 4,Salem,OR,44.85978,-123.02153,$750.00 
19993475,https://www.airbnb.com/rooms/19993475,https://a0.muscache.com/im/pictures/02e55c2c-3cd1-41a0-b1c0-1d7035102653.jpg?aki_policy=large,Ward 1,Salem,OR,44.94705,-123.02323,$500.00 
20011950,https://www.airbnb.com/rooms/20011950,https://a0.muscache.com/im/pictures/ed3e9fcd-8f3f-4696-b41a-c7d54e29464d.jpg?aki_policy=large,Ward 7,Salem,OR,44.89218,-123.07015,$800.00 
20014682,https://www.airbnb.com/rooms/20014682,https://a0.muscache.com/im/pictures/ab946123-d7e0-4bf2-a46c-056f5e737c1f.jpg?aki_policy=large,Ward 2,Salem,OR,44.91994,-123.03859,$301.00 
20015604,https://www.airbnb.com/rooms/20015604,https://a0.muscache.com/im/pictures/aba8cc37-4cdd-4378-af07-4598e433ba00.jpg?aki_policy=large,Ward 2,Salem,OR,44.92147,-123.03996,$249.00 
20028234,https://www.airbnb.com/rooms/20028234,https://a0.muscache.com/im/pictures/59a3ef93-cf62-4d69-a6af-8d8fccf5b1fe.jpg?aki_policy=large,Ward 7,Salem,OR,44.90947,-123.073,$299.00 
20035307,https://www.airbnb.com/rooms/20035307,https://a0.muscache.com/im/pictures/8195eec4-6532-4e18-9710-75290c9cb020.jpg?aki_policy=large,Ward 1,Salem,OR,44.95102,-123.01329,$45.00 
20072558,https://www.airbnb.com/rooms/20072558,https://a0.muscache.com/im/pictures/a51e164c-cbd1-48fe-8a23-bdf5da6a8f74.jpg?aki_policy=large,Ward 8,Salem,OR,44.93937,-123.08178,$65.00 
20139918,https://www.airbnb.com/rooms/20139918,https://a0.muscache.com/im/pictures/3e4c5c0c-7fd2-43c3-bc4d-6afa399ba187.jpg?aki_policy=large,Ward 8,Salem,OR,44.95872,-123.09043,"$1,650.00 "
20150751,https://www.airbnb.com/rooms/20150751,https://a0.muscache.com/im/pictures/752b2964-8f4a-4d31-82f2-2a75e5ab4886.jpg?aki_policy=large,Ward 3,Salem,OR,44.90322,-123.03073,$400.00 
20194079,https://www.airbnb.com/rooms/20194079,https://a0.muscache.com/im/pictures/a9c9ed28-26a2-4662-b453-09a9815bd56c.jpg?aki_policy=large,Ward 4,Salem,OR,44.86934,-123.01914,$675.00 
20194623,https://www.airbnb.com/rooms/20194623,https://a0.muscache.com/im/pictures/daf1361e-261c-4e79-ae90-3cd822944e28.jpg?aki_policy=large,Ward 4,Salem,OR,44.87631,-123.0335,$500.00 
20214612,https://www.airbnb.com/rooms/20214612,https://a0.muscache.com/im/pictures/2a04554d-4e71-4209-a4b5-aba3402a82a5.jpg?aki_policy=large,Ward 6,Salem,OR,44.94623,-123.00099,$350.00 
20229644,https://www.airbnb.com/rooms/20229644,https://a0.muscache.com/im/pictures/470afb42-a2f7-4c1d-a1c7-41724bf38c88.jpg?aki_policy=large,Ward 7,Salem,OR,44.9001,-123.11083,"$1,000.00 "
20230614,https://www.airbnb.com/rooms/20230614,https://a0.muscache.com/im/pictures/c197de39-f971-4f13-abca-80ef198e2918.jpg?aki_policy=large,Ward 8,Salem,OR,44.97712,-123.08422,"$1,500.00 "
20231503,https://www.airbnb.com/rooms/20231503,https://a0.muscache.com/im/pictures/dfb79bfa-e1fe-4fa8-be4e-c0d0c6c0c0b2.jpg?aki_policy=large,Ward 2,Salem,OR,44.91143,-123.04174,$49.00 
20232827,https://www.airbnb.com/rooms/20232827,https://a0.muscache.com/im/pictures/0db8c059-d349-43dd-85c6-fc922d4eebea.jpg?aki_policy=large,Ward 3,Salem,OR,44.89808,-123.04874,$130.00 
20267376,https://www.airbnb.com/rooms/20267376,https://a0.muscache.com/im/pictures/1f41f833-b7fd-449b-88be-5cb9425c1992.jpg?aki_policy=large,Ward 5,Salem,OR,44.9725,-123.03397,$900.00 
20304963,https://www.airbnb.com/rooms/20304963,https://a0.muscache.com/im/pictures/654cec08-12c5-4f7b-bdd9-ca421d11f1ef.jpg?aki_policy=large,Ward 7,Salem,OR,44.92078,-123.04716,$75.00 
20328332,https://www.airbnb.com/rooms/20328332,https://a0.muscache.com/im/pictures/ebda62b2-47b5-4977-985f-6815675a63d4.jpg?aki_policy=large,Ward 5,Salem,OR,44.96355,-122.99413,$500.00 
20329749,https://www.airbnb.com/rooms/20329749,https://a0.muscache.com/im/pictures/b340a72b-e9db-4acf-92ca-ca7a97c0daa3.jpg?aki_policy=large,Ward 2,Salem,OR,44.93119,-123.0176,"$1,500.00 "
20329857,https://www.airbnb.com/rooms/20329857,https://a0.muscache.com/im/pictures/2b2f81c4-a6f6-4ca6-b270-78a8d8f08f51.jpg?aki_policy=large,Ward 2,Salem,OR,44.92045,-123.0319,"$1,000.00 "
20329904,https://www.airbnb.com/rooms/20329904,https://a0.muscache.com/im/pictures/a02b4f2e-4f19-4730-a6f5-3cd0cca0c02d.jpg?aki_policy=large,Ward 3,Salem,OR,44.89734,-123.0308,$425.00 
20331782,https://www.airbnb.com/rooms/20331782,https://a0.muscache.com/im/pictures/da175df1-a13d-4485-9c42-fc3f44243c14.jpg?aki_policy=large,Ward 8,Salem,OR,44.97644,-123.07237,$550.00 
20332534,https://www.airbnb.com/rooms/20332534,https://a0.muscache.com/im/pictures/b4113d0b-8b2f-4d23-a40c-d8d48b7cf089.jpg?aki_policy=large,Ward 8,Salem,OR,44.95102,-123.07862,$130.00 
20332895,https://www.airbnb.com/rooms/20332895,https://a0.muscache.com/im/pictures/897f0463-1bfe-4424-921d-fcc73eead243.jpg?aki_policy=large,Ward 8,Salem,OR,44.94361,-123.07009,$200.00 
20358478,https://www.airbnb.com/rooms/20358478,https://a0.muscache.com/im/pictures/7da41b66-7c96-4601-b121-7ea9eb77026d.jpg?aki_policy=large,Ward 1,Salem,OR,44.94513,-123.0127,$59.00 
20359176,https://www.airbnb.com/rooms/20359176,https://a0.muscache.com/im/pictures/f100d068-ec2f-4092-8f1e-f90622cf734a.jpg?aki_policy=large,Ward 1,Salem,OR,44.94085,-123.06483,$95.00 
20395058,https://www.airbnb.com/rooms/20395058,https://a0.muscache.com/im/pictures/33d89e85-4271-4c83-b517-3d0d69583bb8.jpg?aki_policy=large,Ward 1,Salem,OR,44.9465,-123.03005,$400.00 
20396656,https://www.airbnb.com/rooms/20396656,https://a0.muscache.com/im/pictures/e2a2c937-41a3-4fa6-9639-def81acd5cbe.jpg?aki_policy=large,Ward 7,Salem,OR,44.9041,-123.07801,"$1,000.00 "
20419695,https://www.airbnb.com/rooms/20419695,https://a0.muscache.com/im/pictures/d3942359-7ca5-4ddd-a1fe-abea43f43595.jpg?aki_policy=large,Ward 2,Salem,OR,44.92029,-123.04129,$90.00 
20420452,https://www.airbnb.com/rooms/20420452,https://a0.muscache.com/im/pictures/32c2b156-197b-44d0-a111-eded374ba28d.jpg?aki_policy=large,Ward 3,Salem,OR,44.8973,-123.04685,$300.00 
20433900,https://www.airbnb.com/rooms/20433900,https://a0.muscache.com/im/pictures/47ae03fe-6f42-4e10-8aed-9e2f00b8ca5b.jpg?aki_policy=large,Ward 1,Salem,OR,44.94294,-123.01781,$50.00 
20442080,https://www.airbnb.com/rooms/20442080,https://a0.muscache.com/im/pictures/89b64b2f-71d7-47ce-b258-cc8e0c590e35.jpg?aki_policy=large,Ward 8,Salem,OR,44.94065,-123.08993,"$3,000.00 "
20455186,https://www.airbnb.com/rooms/20455186,https://a0.muscache.com/im/pictures/43006fcf-f9db-4b0d-a67e-1c068e99b9bb.jpg?aki_policy=large,Ward 4,Salem,OR,44.86775,-123.03947,$800.00 
20455778,https://www.airbnb.com/rooms/20455778,https://a0.muscache.com/im/pictures/694dc13b-a626-4ca8-aef6-a4c63bffc5f2.jpg?aki_policy=large,Ward 4,Salem,OR,44.88084,-123.005,$400.00 
20460811,https://www.airbnb.com/rooms/20460811,https://a0.muscache.com/im/pictures/3a807b64-7138-487d-994d-baae804666e1.jpg?aki_policy=large,Ward 1,Salem,OR,44.94345,-123.06444,"$2,400.00 "
20460965,https://www.airbnb.com/rooms/20460965,https://a0.muscache.com/im/pictures/612c3220-9d97-416c-9bbf-bf3d3cb603d0.jpg?aki_policy=large,Ward 8,Salem,OR,44.95719,-123.08697,$400.00 
20463851,https://www.airbnb.com/rooms/20463851,https://a0.muscache.com/im/pictures/19197f4f-237b-429e-9843-0c7acd588197.jpg?aki_policy=large,Ward 1,Salem,OR,44.94063,-123.03729,"$1,200.00 "
20494604,https://www.airbnb.com/rooms/20494604,https://a0.muscache.com/im/pictures/47306d07-53ec-4906-b7db-f636b05091ec.jpg?aki_policy=large,Ward 7,Salem,OR,44.92104,-123.04731,$75.00 
20523826,https://www.airbnb.com/rooms/20523826,https://a0.muscache.com/im/pictures/9e037de7-44bf-4369-8dac-c11808cff485.jpg?aki_policy=large,Ward 1,Salem,OR,44.9478,-123.02012,$600.00 
20537027,https://www.airbnb.com/rooms/20537027,https://a0.muscache.com/im/pictures/30d03f5e-51f2-459d-afef-3027b295505a.jpg?aki_policy=large,Ward 7,Salem,OR,44.8719,-123.07637,$175.00 
20538499,https://www.airbnb.com/rooms/20538499,https://a0.muscache.com/im/pictures/26fcf723-072e-4fdd-a125-2df3d766a6dd.jpg?aki_policy=large,Ward 4,Salem,OR,44.87059,-123.02847,$400.00 
20601728,https://www.airbnb.com/rooms/20601728,https://a0.muscache.com/im/pictures/ea650a24-dd5b-460d-b0ad-331eb8bdcbc7.jpg?aki_policy=large,Ward 7,Salem,OR,44.87334,-123.07825,$100.00 
20638909,https://www.airbnb.com/rooms/20638909,https://a0.muscache.com/im/pictures/cc635006-8221-4732-a9bc-c26b56448bd6.jpg?aki_policy=large,Ward 1,Salem,OR,44.93817,-123.01701,$199.00 
20769206,https://www.airbnb.com/rooms/20769206,https://a0.muscache.com/im/pictures/976d9f81-e31e-4b64-837d-2ca4b7c88a77.jpg?aki_policy=large,Ward 2,Salem,OR,44.92074,-123.0361,$32.00 
20843302,https://www.airbnb.com/rooms/20843302,https://a0.muscache.com/im/pictures/771a2c5c-067d-497b-8718-6196e99ca50e.jpg?aki_policy=large,Ward 4,Salem,OR,44.87759,-123.0192,$29.00 
20888886,https://www.airbnb.com/rooms/20888886,https://a0.muscache.com/im/pictures/21656302-769e-4b14-bcf2-a98095d264e2.jpg?aki_policy=large,Ward 8,Salem,OR,44.9533,-123.06383,$99.00 
21753197,https://www.airbnb.com/rooms/21753197,https://a0.muscache.com/im/pictures/7ca6acbf-28da-41c8-96a2-f1386fdff162.jpg?aki_policy=large,Ward 3,Salem,OR,44.9026,-123.03641,$40.00 
22215712,https://www.airbnb.com/rooms/22215712,https://a0.muscache.com/im/pictures/4e9cb90c-4b86-46d6-b419-bba5eff0d96f.jpg?aki_policy=large,Ward 4,Salem,OR,44.87834,-123.03903,$39.00 
22295718,https://www.airbnb.com/rooms/22295718,https://a0.muscache.com/im/pictures/9cd2eabe-c16c-4bfe-b612-1570b285bc96.jpg?aki_policy=large,Ward 1,Salem,OR,44.94216,-123.04015,$150.00 
22322372,https://www.airbnb.com/rooms/22322372,https://a0.muscache.com/im/pictures/a3119045-9dc2-4671-bf81-d73e33cf8fdc.jpg?aki_policy=large,Ward 8,Salem,OR,44.94614,-123.06556,$42.00 
23234197,https://www.airbnb.com/rooms/23234197,https://a0.muscache.com/im/pictures/899efabc-0d97-483c-bba6-ccc101a98f56.jpg?aki_policy=large,Ward 4,Salem,OR,44.87188,-123.03312,$110.00 
23251563,https://www.airbnb.com/rooms/23251563,https://a0.muscache.com/im/pictures/ff5e22cf-ea56-476c-9d0f-6ebae41f0d2b.jpg?aki_policy=large,Ward 2,Salem,OR,44.93881,-123.01248,$160.00 
23320790,https://www.airbnb.com/rooms/23320790,https://a0.muscache.com/im/pictures/b02a0b27-87cd-4e0a-af28-29b73a0331ba.jpg?aki_policy=large,Ward 4,Salem,OR,44.87943,-123.0175,$29.00 
23576718,https://www.airbnb.com/rooms/23576718,https://a0.muscache.com/im/pictures/8e2d8d24-36d0-4184-807b-7feaa6e8011b.jpg?aki_policy=large,Ward 2,Salem,OR,44.92889,-123.01772,$230.00 
24155499,https://www.airbnb.com/rooms/24155499,https://a0.muscache.com/im/pictures/dfe629ea-2a08-45e8-a4f2-aede9416bf0c.jpg?aki_policy=large,Ward 1,Salem,OR,44.94549,-123.01183,$85.00 
24373913,https://www.airbnb.com/rooms/24373913,https://a0.muscache.com/im/pictures/77e1bb3e-205b-4b55-8fde-cba3a98bb19a.jpg?aki_policy=large,Ward 1,Salem,OR,44.95175,-123.02583,$50.00 
24780208,https://www.airbnb.com/rooms/24780208,https://a0.muscache.com/im/pictures/5661b8b9-b7da-4d8a-a599-18ff17244930.jpg?aki_policy=large,Ward 2,Salem,OR,44.91036,-123.04217,$98.00 
24780832,https://www.airbnb.com/rooms/24780832,https://a0.muscache.com/im/pictures/390487b9-557a-407e-8829-73bacd82c0ef.jpg?aki_policy=large,Ward 2,Salem,OR,44.90971,-123.02827,$18.00 
25425938,https://www.airbnb.com/rooms/25425938,https://a0.muscache.com/im/pictures/7952f1d0-193c-4d1c-b712-f3e3e8f3c13c.jpg?aki_policy=large,Ward 4,Salem,OR,44.87549,-123.00128,$310.00 
27395417,https://www.airbnb.com/rooms/27395417,https://a0.muscache.com/im/pictures/d56a4981-dcd1-4e05-a409-c846b3a09daf.jpg?aki_policy=large,Ward 7,Salem,OR,44.90014,-123.05022,$45.00 
27460634,https://www.airbnb.com/rooms/27460634,https://a0.muscache.com/im/pictures/fdf066fe-1307-4561-ba81-f804cffc39d6.jpg?aki_policy=large,Ward 3,Salem,OR,44.90054,-123.04929,$60.00 
27546916,https://www.airbnb.com/rooms/27546916,https://a0.muscache.com/im/pictures/80ee81d8-01e8-4eef-a207-4450b1fa57c5.jpg?aki_policy=large,Ward 7,Salem,OR,44.92694,-123.04798,$120.00 
27631253,https://www.airbnb.com/rooms/27631253,https://a0.muscache.com/im/pictures/9137f998-6b98-4860-9878-88e659c22f31.jpg?aki_policy=large,Ward 1,Salem,OR,44.9505,-123.00894,$38.00 
28284182,https://www.airbnb.com/rooms/28284182,https://a0.muscache.com/im/pictures/9f70dbb0-0f3a-479d-8162-7d353703dce5.jpg?aki_policy=large,Ward 1,Salem,OR,44.95671,-123.02207,$260.00 
28466278,https://www.airbnb.com/rooms/28466278,https://a0.muscache.com/im/pictures/3e6e3fba-ded1-4d63-a212-ba9e8b874c04.jpg?aki_policy=large,Ward 7,Salem,OR,44.904,-123.06994,$80.00 
28490705,https://www.airbnb.com/rooms/28490705,https://a0.muscache.com/im/pictures/17ef9cec-38b6-45db-83dd-6348f4573d2a.jpg?aki_policy=large,Ward 7,Salem,OR,44.90429,-123.07028,$80.00 
29103104,https://www.airbnb.com/rooms/29103104,https://a0.muscache.com/im/pictures/9a8793a6-8435-4ab3-b170-08020ef28dbf.jpg?aki_policy=large,Ward 2,Salem,OR,44.93715,-122.99161,$140.00 
29162284,https://www.airbnb.com/rooms/29162284,https://a0.muscache.com/im/pictures/73a641dd-0a38-4770-a74b-79200ec50587.jpg?aki_policy=large,Ward 8,Salem,OR,44.97778,-123.07895,$59.00 
29382038,https://www.airbnb.com/rooms/29382038,https://a0.muscache.com/im/pictures/5b2f4378-a775-49d2-9a16-8681a3ff950b.jpg?aki_policy=large,Ward 3,Salem,OR,44.87997,-123.04481,$120.00 
29436524,https://www.airbnb.com/rooms/29436524,https://a0.muscache.com/im/pictures/cb9ad6b6-64d3-4dbb-8a69-d1576d754379.jpg?aki_policy=large,Ward 7,Salem,OR,44.90419,-123.05573,$40.00 
29805406,https://www.airbnb.com/rooms/29805406,https://a0.muscache.com/im/pictures/72ada5cb-4cc1-4755-a98e-4543281a2f5a.jpg?aki_policy=large,Ward 4,Salem,OR,44.87897,-123.04124,$150.00 
30106071,https://www.airbnb.com/rooms/30106071,https://a0.muscache.com/im/pictures/49379e65-fb34-439f-903c-89f890bd3eb0.jpg?aki_policy=large,Ward 8,Salem,OR,44.94407,-123.07066,$125.00 
30340285,https://www.airbnb.com/rooms/30340285,https://a0.muscache.com/im/pictures/449fce48-32c4-4de4-a94b-6a4bfc3c4d8b.jpg?aki_policy=large,Ward 2,Salem,OR,44.92331,-123.04162,$70.00 
30372738,https://www.airbnb.com/rooms/30372738,https://a0.muscache.com/im/pictures/083a8d3f-3b46-4bfc-877a-a83a431566b1.jpg?aki_policy=large,Ward 4,Salem,OR,44.86867,-123.01944,$40.00 
30403843,https://www.airbnb.com/rooms/30403843,https://a0.muscache.com/im/pictures/0be0d9bf-c133-4fb5-832d-b05182af11f2.jpg?aki_policy=large,Ward 8,Salem,OR,44.93909,-123.09048,$500.00 
30442754,https://www.airbnb.com/rooms/30442754,https://a0.muscache.com/im/pictures/f617430b-b57d-45c0-94d3-671a14aec280.jpg?aki_policy=large,Ward 7,Salem,OR,44.91831,-123.04512,$125.00 
30448207,https://www.airbnb.com/rooms/30448207,https://a0.muscache.com/im/pictures/b8ae8216-a1a9-4eab-9d1b-93340fb8ed4a.jpg?aki_policy=large,Ward 7,Salem,OR,44.90554,-123.05437,$40.00 
30689781,https://www.airbnb.com/rooms/30689781,https://a0.muscache.com/im/pictures/6bd9372a-169e-4e0b-b46a-88bfb5996016.jpg?aki_policy=large,Ward 7,Salem,OR,44.88209,-123.06645,$195.00 
30856834,https://www.airbnb.com/rooms/30856834,https://a0.muscache.com/im/pictures/dc7f2c0a-49b9-4589-a189-87e69fa4a1ba.jpg?aki_policy=large,Ward 2,Salem,OR,44.93257,-123.04104,$225.00 
31005128,https://www.airbnb.com/rooms/31005128,https://a0.muscache.com/im/pictures/b4e49fd0-e420-4fa7-a797-36d57a9385df.jpg?aki_policy=large,Ward 2,Salem,OR,44.93253,-123.01069,$125.00 
31065444,https://www.airbnb.com/rooms/31065444,https://a0.muscache.com/im/pictures/1a0f54ee-2acc-4a93-a88e-62347e100460.jpg?aki_policy=large,Ward 8,Salem,OR,44.95636,-123.08541,$60.00 
31209397,https://www.airbnb.com/rooms/31209397,https://a0.muscache.com/im/pictures/9f4c575f-45d1-47f1-9d22-e3abced66274.jpg?aki_policy=large,Ward 4,Salem,OR,44.86867,-123.01822,$14.00 
31209793,https://www.airbnb.com/rooms/31209793,https://a0.muscache.com/im/pictures/d53b9836-814e-415a-9a08-45b63e63f797.jpg?aki_policy=large,Ward 2,Salem,OR,44.9317,-123.01672,$50.00 
31516450,https://www.airbnb.com/rooms/31516450,https://a0.muscache.com/im/pictures/c4af8fff-35f1-4822-88de-7347d7b91a21.jpg?aki_policy=large,Ward 7,Salem,OR,44.9045,-123.05568,$250.00 
31671724,https://www.airbnb.com/rooms/31671724,https://a0.muscache.com/im/pictures/05a25ba6-f76a-48e8-9dc5-abd3043aff7c.jpg?aki_policy=large,Ward 7,Salem,OR,44.90567,-123.05376,$54.00 
31721004,https://www.airbnb.com/rooms/31721004,https://a0.muscache.com/im/pictures/9784b070-2956-40c4-b0bc-4979e60009ec.jpg?aki_policy=large,Ward 1,Salem,OR,44.93407,-123.04234,$60.00 
31907842,https://www.airbnb.com/rooms/31907842,https://a0.muscache.com/im/pictures/18a6cfad-9b2c-4f54-802d-d063b764fccb.jpg?aki_policy=large,Ward 1,Salem,OR,44.94753,-123.02477,$75.00 
32018098,https://www.airbnb.com/rooms/32018098,https://a0.muscache.com/im/pictures/3d83b0d1-fde7-4b86-bcd7-aee575fd49fb.jpg?aki_policy=large,Ward 8,Salem,OR,44.97105,-123.07856,$375.00 
32071956,https://www.airbnb.com/rooms/32071956,https://a0.muscache.com/im/pictures/9d3dd85e-d1a7-4058-b1eb-5cb47370ad02.jpg?aki_policy=large,Ward 8,Salem,OR,44.94602,-123.06958,$100.00 
32133603,https://www.airbnb.com/rooms/32133603,https://a0.muscache.com/im/pictures/3ca2d7ea-302a-4f3e-8a54-c87cd8d20dc1.jpg?aki_policy=large,Ward 1,Salem,OR,44.94574,-123.03113,$135.00 
32318245,https://www.airbnb.com/rooms/32318245,https://a0.muscache.com/im/pictures/b9c17ca5-3f30-4238-b7da-6d60f98f9c76.jpg?aki_policy=large,Ward 7,Salem,OR,44.90886,-123.0727,$100.00 
32475274,https://www.airbnb.com/rooms/32475274,https://a0.muscache.com/im/pictures/921bd4e4-ebc5-494a-b3e1-baf677a0ef2d.jpg?aki_policy=large,Ward 1,Salem,OR,44.95276,-123.02158,$65.00 
32640764,https://www.airbnb.com/rooms/32640764,https://a0.muscache.com/im/pictures/6aadcfec-3f82-4538-b8b7-2016bcbe8627.jpg?aki_policy=large,Ward 5,Salem,OR,44.98292,-122.95958,$80.00 
33018450,https://www.airbnb.com/rooms/33018450,https://a0.muscache.com/im/pictures/63b38678-ce95-4d09-a2e8-dde838842701.jpg?aki_policy=large,Ward 8,Salem,OR,44.9484,-123.07576,$175.00 
33344083,https://www.airbnb.com/rooms/33344083,https://a0.muscache.com/im/pictures/9ca3803d-0685-482d-ace8-c2e3cb7a5cd0.jpg?aki_policy=large,Ward 3,Salem,OR,44.89724,-123.03022,$60.00 
33398166,https://www.airbnb.com/rooms/33398166,https://a0.muscache.com/im/pictures/3fa0876e-977c-4da1-84b9-d748e39f1d5a.jpg?aki_policy=large,Ward 6,Salem,OR,44.9475,-122.96714,$55.00 
33528630,https://www.airbnb.com/rooms/33528630,https://a0.muscache.com/im/pictures/35ec57ad-a4c2-4b5f-8f40-72d2ec82c557.jpg?aki_policy=large,Ward 1,Salem,OR,44.94617,-123.02096,$70.00 
33564568,https://www.airbnb.com/rooms/33564568,https://a0.muscache.com/im/pictures/1932f905-d5f9-473e-a3a1-ede0b1fa9af9.jpg?aki_policy=large,Ward 2,Salem,OR,44.93772,-123.01087,$39.00 
33583512,https://www.airbnb.com/rooms/33583512,https://a0.muscache.com/im/pictures/42c05cf8-4c99-42cf-9a2f-ebf800e15e68.jpg?aki_policy=large,Ward 1,Salem,OR,44.9441,-123.01068,$47.00 
33611928,https://www.airbnb.com/rooms/33611928,https://a0.muscache.com/im/pictures/42b7a654-afbb-4961-b03d-1b5d14e2f83e.jpg?aki_policy=large,Ward 8,Salem,OR,44.95358,-123.06484,$50.00 
33686883,https://www.airbnb.com/rooms/33686883,https://a0.muscache.com/im/pictures/eb4804e0-fa53-4c4e-b8d8-6f3413edb0f8.jpg?aki_policy=large,Ward 7,Salem,OR,44.91918,-123.065,$90.00 
34158635,https://www.airbnb.com/rooms/34158635,https://a0.muscache.com/im/pictures/1b0b2697-6db4-4648-8149-864da0aedf0e.jpg?aki_policy=large,Ward 2,Salem,OR,44.92171,-123.03833,$36.00 
34393013,https://www.airbnb.com/rooms/34393013,https://a0.muscache.com/im/pictures/6106deed-b2a6-4eb5-9685-002c8ce32ed8.jpg?aki_policy=large,Ward 1,Salem,OR,44.93818,-123.02584,$65.00 
34469638,https://www.airbnb.com/rooms/34469638,https://a0.muscache.com/im/pictures/66ef7b95-4a43-4675-9584-c194f1e163a6.jpg?aki_policy=large,Ward 2,Salem,OR,44.92606,-123.01196,$40.00 
34543191,https://www.airbnb.com/rooms/34543191,https://a0.muscache.com/im/pictures/ce8ab28c-9c39-46a4-aa4c-bd3e2d189b7f.jpg?aki_policy=large,Ward 7,Salem,OR,44.89459,-123.07258,$400.00 
34687816,https://www.airbnb.com/rooms/34687816,https://a0.muscache.com/im/pictures/1caaf8d2-7219-42f1-9f56-543a242cba50.jpg?aki_policy=large,Ward 7,Salem,OR,44.91394,-123.06531,$58.00 
35322000,https://www.airbnb.com/rooms/35322000,https://a0.muscache.com/im/pictures/dc7f2c0a-49b9-4589-a189-87e69fa4a1ba.jpg?aki_policy=large,Ward 2,Salem,OR,44.93419,-123.03938,$225.00 
35466555,https://www.airbnb.com/rooms/35466555,https://a0.muscache.com/im/pictures/915de25c-c711-4e66-96c9-92eb7c938bd9.jpg?aki_policy=large,Ward 1,Salem,OR,44.94443,-123.01187,$85.00 
35577617,https://www.airbnb.com/rooms/35577617,https://a0.muscache.com/im/pictures/09977a4d-77d3-4941-992b-e67357c47260.jpg?aki_policy=large,Ward 8,Salem,OR,44.94784,-123.06674,$89.00 
35677672,https://www.airbnb.com/rooms/35677672,https://a0.muscache.com/im/pictures/af447649-ec6f-4ad5-b2a1-19a1a8ed2d4c.jpg?aki_policy=large,Ward 5,Salem,OR,44.95023,-122.99448,$149.00 
35677692,https://www.airbnb.com/rooms/35677692,https://a0.muscache.com/im/pictures/706d6c39-9c31-4c60-bbd2-3a48eb1e3731.jpg?aki_policy=large,Ward 6,Salem,OR,44.94979,-122.99489,$99.00 
35677699,https://www.airbnb.com/rooms/35677699,https://a0.muscache.com/im/pictures/39dcb0cf-c201-45f9-9437-520a46ae1f48.jpg?aki_policy=large,Ward 6,Salem,OR,44.94984,-122.99534,$299.00 
35718977,https://www.airbnb.com/rooms/35718977,https://a0.muscache.com/im/pictures/ffac7453-59f5-4ce8-8ef2-aa53e4f954cb.jpg?aki_policy=large,Ward 7,Salem,OR,44.86966,-123.07311,$250.00 
36387432,https://www.airbnb.com/rooms/36387432,https://a0.muscache.com/im/pictures/a7e9d6b0-8d3b-45ba-ab3c-edb52f457feb.jpg?aki_policy=large,Ward 8,Salem,OR,44.97801,-123.07628,$35.00 
36771163,https://www.airbnb.com/rooms/36771163,https://a0.muscache.com/im/pictures/228a435f-3371-4bef-85aa-754db2b0ead0.jpg?aki_policy=large,Ward 1,Salem,OR,44.93886,-123.025,$150.00 
36806045,https://www.airbnb.com/rooms/36806045,https://a0.muscache.com/im/pictures/50d9cdf0-807f-4528-8c23-200539ccf484.jpg?aki_policy=large,Ward 1,Salem,OR,44.95057,-123.00624,$170.00 
37157862,https://www.airbnb.com/rooms/37157862,https://a0.muscache.com/im/pictures/52a7038c-63b1-49cb-9d1f-e5138722f2e5.jpg?aki_policy=large,Ward 1,Salem,OR,44.94696,-123.03229,$75.00 
37362173,https://www.airbnb.com/rooms/37362173,https://a0.muscache.com/im/pictures/2899e940-1971-43bd-9853-65db36bed504.jpg?aki_policy=large,Ward 7,Salem,OR,44.87045,-123.07569,$175.00 
37427363,https://www.airbnb.com/rooms/37427363,https://a0.muscache.com/im/pictures/d42ec642-2222-4f43-95dd-d4b3429050f3.jpg?aki_policy=large,Ward 1,Salem,OR,44.96178,-123.02866,$60.00 
37723906,https://www.airbnb.com/rooms/37723906,https://a0.muscache.com/im/pictures/36c588c6-1316-4530-98ee-9d8f1b1e464a.jpg?aki_policy=large,Ward 6,Salem,OR,44.94583,-123.00288,$108.00 
37809811,https://www.airbnb.com/rooms/37809811,https://a0.muscache.com/im/pictures/ceb631e9-7788-46d2-b0b7-631d7433f133.jpg?aki_policy=large,Ward 7,Salem,OR,44.90574,-123.08317,$50.00 
38315177,https://www.airbnb.com/rooms/38315177,https://a0.muscache.com/im/pictures/57ce8d58-63e0-45b8-97e5-a873b752f92c.jpg?aki_policy=large,Ward 2,Salem,OR,44.92446,-123.03819,$66.00 
38586421,https://www.airbnb.com/rooms/38586421,https://a0.muscache.com/im/pictures/7abe76b6-b745-4f00-9143-31af0ea78bc7.jpg?aki_policy=large,Ward 2,Salem,OR,44.93706,-123.01385,$75.00 
